Location,Crop,Soil_Type,pH,Nitrogen,Phosphorus,Potassium,Rainfall_mm,Temperature_C,Expected_Yield_ton_per_hectare
Ranchi,Rice,Clay Loam,6.54,Low,Medium,Medium,1363,25,3.06
Ranchi,Maize,Sandy Loam,6.57,Low,Medium,High,1089,22,3.23
Ranchi,Rice,Loamy,6.64,Medium,Low,Low,1454,30,3.08
Ranchi,Rice,Clay Loam,6.23,Low,High,High,1498,32,2.62
Ranchi,Maize,Sandy Loam,5.89,Low,Medium,High,1137,19,2.89
Ranchi,Wheat,Loamy,6.47,Medium,High,Low,1324,19,1.91
Ranchi,Wheat,Clay Loam,6.34,Low,Low,High,1330,25,3.15
Ranchi,Pulses,Loamy,7.15,Medium,Low,Low,1013,24,1.29
Ranchi,Pulses,Loamy,6.47,High,High,Medium,848,22,1.75   
Ranchi,Pulses,Sandy Loam,7.45,High,Low,Low,1042,21,1.05
Ranchi,Maize,Loamy,6.02,Medium,Medium,High,1120,24,3.52
Ranchi,Wheat,Clay Loam,6.15,Low,High,High,1119,25,3.2
Ranchi,Pulses,Sandy Loam,7.24,High,Low,Medium,981,21,1.33
Ranchi,Wheat,Clay Loam,6.4,High,High,High,1315,23,2.1
Ranchi,Wheat,Clay Loam,6.73,High,Medium,Low,1344,20,2.07
Ranchi,Wheat,Clay Loam,7.16,High,Medium,Low,1252,24,3.39
Ranchi,Pulses,Loamy,6.96,High,High,Medium,876,19,1.87
Ranchi,Rice,Clayey,6.97,Low,High,High,1505,31,4.05
Ranchi,Wheat,Loamy,7.28,Low,Medium,High,1334,23,2.98
Ranchi,Rice,Clayey,5.57,Medium,Medium,High,1534,25,2.67
Ranchi,Rice,Clay Loam,5.5,Low,Medium,Low,1463,26,2.57
Ranchi,Pulses,Sandy Loam,7.37,High,Medium,Medium,1069,18,1.77
Ranchi,Pulses,Sandy Loam,6.84,High,Medium,Medium,1016,20,1.86
Ranchi,Pulses,Loamy,7.41,Low,Medium,Low,887,27,1.7
Ranchi,Rice,Clay Loam,6.67,High,Low,High,1206,29,3.03
Ranchi,Rice,Clay Loam,5.74,High,Medium,Medium,1449,23,4.06
Ranchi,Maize,Sandy Loam,7.47,High,Medium,High,1189,23,3.57
Ranchi,Rice,Clayey,6.21,Medium,Medium,Low,1522,22,3.1
Ranchi,Rice,Clay Loam,5.75,Medium,High,High,1348,29,4.26
Ranchi,Pulses,Sandy Loam,7.35,High,Low,High,897,27,1.29
Ranchi,Maize,Loamy,6.96,Low,Medium,High,1121,20,3.62
Ranchi,Wheat,Loamy,7.33,High,High,High,1134,24,2.29
Ranchi,Wheat,Loamy,6.23,High,Medium,High,1295,24,2.9
Ranchi,Wheat,Clay Loam,6.44,Medium,Low,High,1251,20,2.59
Ranchi,Maize,Sandy Loam,6.09,Low,High,Medium,917,20,2.66
Ranchi,Rice,Loamy,6.09,Medium,Medium,Low,1294,23,3.29
Ranchi,Rice,Clayey,6.39,Medium,High,Medium,1588,27,4.14
Ranchi,Maize,Sandy Loam,5.94,Low,High,Medium,1078,20,3.43
Ranchi,Rice,Clayey,5.68,Medium,Low,Low,1381,29,4.33
Ranchi,Pulses,Sandy Loam,6.88,Medium,Medium,High,966,21,1.22
Ranchi,Rice,Loamy,5.92,Medium,High,Low,1334,29,4.41
Ranchi,Wheat,Loamy,7.4,Medium,High,Medium,1242,24,2.66
Ranchi,Pulses,Sandy Loam,6.12,Low,High,High,972,25,1.79
Ranchi,Pulses,Loamy,7.11,Medium,High,Low,977,28,1.66
Ranchi,Pulses,Sandy Loam,6.73,Medium,Medium,Low,1004,25,1.28
Ranchi,Maize,Loamy,6.1,Medium,Low,High,977,22,3.47
Ranchi,Pulses,Sandy Loam,7.46,Medium,Low,Medium,803,23,1.88
Ranchi,Maize,Loamy,6.71,High,High,High,1120,26,2.52
Ranchi,Maize,Sandy Loam,7.12,High,High,High,1003,20,3.72
Ranchi,Maize,Loamy,7.11,High,High,High,936,28,2.77
Ranchi,Maize,Loamy,6.73,Low,High,Low,1121,30,3.25
Ranchi,Rice,Loamy,6.17,Low,Medium,High,1495,29,4.23
Ranchi,Maize,Sandy Loam,7.48,High,Low,High,940,19,3.58
Ranchi,Rice,Clayey,6.94,Medium,High,Medium,1240,23,3.56
Ranchi,Pulses,Loamy,7.22,High,Low,Medium,925,26,1.86
Ranchi,Maize,Loamy,7.42,High,Low,Medium,1143,18,2.06
Ranchi,Rice,Clay Loam,6.23,High,Low,Medium,1429,28,3.33
Ranchi,Rice,Clayey,6.93,Low,Medium,Low,1557,28,3.74
Ranchi,Pulses,Sandy Loam,7.33,Medium,High,Medium,870,26,1.33
Ranchi,Rice,Clayey,6.57,High,Medium,Low,1272,29,4.01
Ranchi,Maize,Loamy,7.09,High,High,High,934,28,3.4
Ranchi,Maize,Sandy Loam,5.95,High,High,Low,931,26,3.4
Ranchi,Maize,Loamy,6.8,Low,Medium,Medium,1105,25,2.6
Ranchi,Wheat,Clay Loam,6.89,Medium,Low,Low,1144,18,3.14
Ranchi,Wheat,Loamy,6.29,High,Low,Medium,1173,25,2.57
Ranchi,Pulses,Loamy,7.44,High,High,High,840,26,1.59
Ranchi,Pulses,Sandy Loam,6.07,Low,Low,Low,802,25,1.06
Ranchi,Wheat,Loamy,6.38,Medium,High,Medium,1323,23,2.44
Ranchi,Wheat,Loamy,7.01,High,Low,Low,1304,19,2.18
Ranchi,Pulses,Loamy,7.46,Low,Low,Medium,885,20,1.51
Ranchi,Maize,Loamy,6.65,Low,Low,Medium,1159,30,2.07
Ranchi,Wheat,Loamy,6.76,Medium,Medium,High,1160,21,2.65
Ranchi,Wheat,Loamy,6.04,Medium,High,Low,908,20,1.95
Ranchi,Pulses,Sandy Loam,6.44,Medium,Low,High,845,18,1.65
Ranchi,Wheat,Clay Loam,6.88,Medium,High,Medium,1023,24,2.26
Ranchi,Pulses,Sandy Loam,6.06,High,Medium,Medium,885,27,1.74
Ranchi,Pulses,Sandy Loam,6.51,Medium,Low,Medium,957,19,1.7
Ranchi,Maize,Loamy,7.29,High,Medium,Low,963,30,2.97
Ranchi,Pulses,Sandy Loam,6.74,Low,Medium,High,903,19,1.71
Ranchi,Pulses,Loamy,6.07,Medium,Medium,High,912,25,1.46
Ranchi,Maize,Sandy Loam,6.16,Low,Low,High,1144,28,3.43
Ranchi,Maize,Loamy,6.17,Medium,High,Medium,1190,28,3.49
Ranchi,Wheat,Loamy,6.23,High,Medium,Medium,918,22,1.91
Ranchi,Maize,Sandy Loam,6.15,High,High,Medium,1160,22,3.1
Ranchi,Maize,Sandy Loam,6.78,High,Medium,Low,1124,30,2.41
Ranchi,Wheat,Clay Loam,6.82,High,Low,Medium,1220,23,3.2
Ranchi,Pulses,Sandy Loam,6.9,Low,Medium,Low,980,19,1.29
Ranchi,Rice,Loamy,5.66,Low,Medium,Low,1407,23,3.95
Ranchi,Rice,Clay Loam,6.04,High,Low,Low,1571,22,4.41
Ranchi,Wheat,Clay Loam,6.1,Low,Low,Medium,1328,19,2.95
Ranchi,Rice,Loamy,6.22,Low,High,High,1255,23,3.35
Ranchi,Pulses,Loamy,7.34,High,Low,High,1039,18,1.59
Ranchi,Rice,Clayey,6.33,Medium,Low,High,1380,25,3.73
Ranchi,Rice,Clayey,6.05,High,High,Low,1572,24,3.38
Ranchi,Rice,Loamy,6.91,Low,Medium,Low,1326,23,2.98
Ranchi,Pulses,Sandy Loam,7.04,High,Medium,High,1063,21,1.97
Ranchi,Wheat,Loamy,6.18,Low,Low,Low,1271,18,2.24
Ranchi,Pulses,Loamy,7.03,Medium,Medium,Low,1043,28,1.43
Ranchi,Pulses,Sandy Loam,6.68,High,Medium,Low,943,25,1.31
Ranchi,Pulses,Sandy Loam,6.01,Medium,High,Medium,1052,19,1.57
Ranchi,Wheat,Loamy,7.41,High,Low,Low,933,22,2.87
Ranchi,Maize,Sandy Loam,6.63,Medium,Medium,High,1079,26,2.35
Ranchi,Wheat,Clay Loam,6.66,Low,Low,Low,1198,18,3.31
Ranchi,Maize,Sandy Loam,7.46,Low,High,Low,1188,18,3.57
Ranchi,Maize,Sandy Loam,6.43,High,High,High,1095,26,3.35
Ranchi,Pulses,Sandy Loam,6.45,Medium,High,High,905,21,1.31
Ranchi,Maize,Sandy Loam,7.39,Low,High,Low,1152,25,3.92
Ranchi,Maize,Loamy,5.81,Low,High,Low,1168,19,3.21
Ranchi,Maize,Sandy Loam,6.74,Low,Medium,High,904,26,3.05
Ranchi,Pulses,Loamy,7.28,High,High,High,914,20,1.59
Ranchi,Pulses,Loamy,7.32,High,Low,Low,911,21,1.78
Ranchi,Rice,Clayey,6.83,High,High,Low,1467,25,2.52
Ranchi,Pulses,Loamy,6.08,Low,Medium,High,961,20,1.37
Ranchi,Wheat,Clay Loam,6.79,High,High,Low,988,18,2.15
Ranchi,Wheat,Clay Loam,6.3,Medium,Medium,High,1314,23,2.59
Ranchi,Wheat,Clay Loam,7.49,Medium,Medium,High,1053,21,3.01
Ranchi,Pulses,Sandy Loam,6.26,Medium,Low,Medium,850,19,1.32
Ranchi,Wheat,Loamy,6.85,High,High,Low,961,22,2.79
Ranchi,Wheat,Loamy,7.39,High,Medium,Low,1221,20,3.0
Ranchi,Pulses,Sandy Loam,6.79,High,Low,High,950,26,1.35
Ranchi,Rice,Clayey,5.59,Medium,Low,Low,1418,26,2.69
Ranchi,Wheat,Clay Loam,6.13,Medium,Low,High,1366,22,2.24
Ranchi,Pulses,Sandy Loam,6.99,Medium,Medium,Low,883,28,1.14
Ranchi,Wheat,Loamy,6.79,Medium,High,Medium,1044,25,1.74
Ranchi,Wheat,Loamy,6.42,High,Low,High,1206,24,3.07
Ranchi,Wheat,Loamy,7.06,Low,Low,High,1124,24,2.96
Ranchi,Maize,Loamy,5.88,Medium,Medium,Medium,1100,27,2.19
Ranchi,Wheat,Loamy,6.22,Medium,Low,Low,1190,21,2.96
Ranchi,Maize,Loamy,6.01,High,High,High,1032,21,2.22
Ranchi,Wheat,Loamy,6.94,Medium,Low,Medium,1050,22,2.16
Ranchi,Pulses,Loamy,6.27,Medium,Low,High,1013,27,1.91
Ranchi,Pulses,Sandy Loam,7.17,Medium,Medium,Medium,968,28,1.17
Ranchi,Pulses,Loamy,6.91,Low,Low,Medium,806,23,1.77
Ranchi,Pulses,Loamy,6.41,Low,High,Medium,873,26,1.88
Ranchi,Maize,Loamy,5.85,High,Low,Low,1162,29,3.47
Ranchi,Wheat,Loamy,6.29,Low,High,High,1249,22,2.88
Ranchi,Pulses,Loamy,7.3,Low,Low,Medium,916,26,1.9
Ranchi,Maize,Loamy,6.25,High,Medium,High,934,20,2.11
Ranchi,Pulses,Sandy Loam,6.6,Low,High,High,885,27,1.99
Ranchi,Rice,Clayey,6.43,High,High,High,1551,29,3.04
Ranchi,Pulses,Loamy,6.83,High,Medium,High,923,26,1.95
Ranchi,Maize,Loamy,7.43,Low,Medium,Medium,977,29,3.98
Ranchi,Wheat,Loamy,6.35,Medium,High,Medium,1198,22,3.17
Ranchi,Wheat,Loamy,6.65,High,High,High,1158,18,2.77
Ranchi,Pulses,Loamy,6.71,Medium,High,Medium,961,21,1.5
Ranchi,Maize,Sandy Loam,6.08,High,High,Low,1156,19,3.26
Ranchi,Maize,Loamy,7.06,Low,High,Medium,1012,27,2.8
Ranchi,Rice,Clay Loam,6.56,Medium,Medium,Low,1405,24,3.32
Ranchi,Pulses,Sandy Loam,7.16,High,Medium,High,953,22,1.13
Ranchi,Maize,Sandy Loam,7.47,High,Medium,High,1002,30,2.36
Ranchi,Maize,Sandy Loam,6.6,Low,Low,Medium,1184,19,3.03
Ranchi,Pulses,Sandy Loam,6.83,High,Low,High,873,23,1.62
Ranchi,Pulses,Loamy,6.77,Low,Low,Medium,934,25,1.52
Ranchi,Wheat,Clay Loam,6.6,Medium,High,Low,1272,21,3.12
Ranchi,Pulses,Sandy Loam,6.21,Medium,Medium,High,824,26,1.41
Ranchi,Maize,Sandy Loam,7.24,High,High,Low,913,27,2.01
Ranchi,Maize,Sandy Loam,7.14,Low,High,Low,1001,20,3.56
Ranchi,Rice,Clayey,5.68,High,High,Medium,1344,29,4.33
Ranchi,Wheat,Loamy,7.4,Medium,Medium,Medium,1044,20,2.48
Ranchi,Maize,Loamy,6.51,High,Medium,Low,1127,30,3.98
Ranchi,Rice,Clayey,5.61,Low,Low,Medium,1531,30,2.71
Ranchi,Pulses,Loamy,7.37,High,Low,High,894,22,1.11
Ranchi,Rice,Clay Loam,6.7,Medium,High,Medium,1208,30,3.59
Ranchi,Rice,Clay Loam,6.58,High,Medium,Low,1332,22,2.6
Ranchi,Rice,Loamy,6.83,Medium,Low,Low,1474,30,4.46
Ranchi,Maize,Loamy,6.26,Medium,Medium,Low,903,23,3.15
Ranchi,Maize,Sandy Loam,6.22,Low,Low,High,1044,18,2.76
Ranchi,Rice,Loamy,6.07,Medium,High,Medium,1501,27,4.5
Ranchi,Pulses,Sandy Loam,7.37,High,Medium,Low,1012,23,1.68
Ranchi,Rice,Clayey,6.24,Low,Medium,Low,1595,24,4.04
Ranchi,Rice,Clay Loam,6.51,Low,Medium,Medium,1246,24,3.03
Ranchi,Rice,Clay Loam,6.89,High,Medium,Medium,1448,22,3.58
Ranchi,Pulses,Sandy Loam,7.23,Medium,Low,Low,1026,22,1.79
Ranchi,Rice,Clay Loam,6.7,Low,Low,Low,1233,27,3.82
Ranchi,Rice,Clayey,6.87,High,Medium,High,1600,26,3.78
Ranchi,Pulses,Loamy,7.18,Low,Medium,High,841,21,1.24
Ranchi,Rice,Clayey,6.14,Low,Low,High,1264,26,3.44
Ranchi,Rice,Clay Loam,5.91,High,Medium,Low,1542,29,3.36
Ranchi,Rice,Clayey,6.94,High,Low,High,1468,24,4.09
Ranchi,Pulses,Sandy Loam,6.48,Low,Medium,Low,974,24,1.49
Ranchi,Rice,Clay Loam,6.64,High,High,Low,1410,28,4.2
Ranchi,Wheat,Loamy,7.23,Low,Low,Low,1289,24,2.14
Ranchi,Wheat,Clay Loam,6.71,Low,Medium,High,1214,18,3.16
Ranchi,Wheat,Clay Loam,6.77,High,Medium,Low,1149,19,3.31
Ranchi,Rice,Loamy,5.55,High,High,Low,1386,32,3.78
Ranchi,Wheat,Loamy,7.07,Low,Medium,High,1287,18,2.19
Ranchi,Maize,Loamy,6.45,Low,Medium,Low,1025,19,3.05
Ranchi,Wheat,Loamy,6.6,Low,Low,Low,1214,25,2.64
Ranchi,Wheat,Loamy,6.77,High,Low,Medium,1344,18,3.39
Ranchi,Wheat,Loamy,6.29,Medium,High,Low,1073,21,3.36
Ranchi,Rice,Loamy,6.76,Low,Low,Low,1590,24,4.46
Ranchi,Pulses,Loamy,7.14,Medium,Low,Low,986,20,1.71
Ranchi,Rice,Loamy,6.31,Medium,Medium,Low,1290,29,2.74
Ranchi,Maize,Loamy,6.78,High,Low,High,1142,21,3.7
Ranchi,Pulses,Sandy Loam,6.94,Low,Medium,Low,958,25,1.89
Ranchi,Maize,Sandy Loam,6.6,Low,Low,Low,1120,27,3.1
Ranchi,Wheat,Clay Loam,6.15,High,Low,Low,1002,24,2.4
Ranchi,Rice,Loamy,6.05,High,Medium,Low,1596,31,3.2
Ranchi,Rice,Clay Loam,6.93,Low,High,Low,1231,29,2.7
Ranchi,Pulses,Loamy,6.53,Medium,High,High,979,22,1.96
Ranchi,Rice,Clay Loam,5.58,High,High,Medium,1433,32,4.32
Ranchi,Maize,Sandy Loam,7.21,High,High,High,1179,19,2.89
Ranchi,Pulses,Sandy Loam,6.1,High,High,Low,1050,24,1.16
Ranchi,Maize,Loamy,6.57,Low,Medium,Low,1119,29,2.68
Ranchi,Maize,Loamy,6.93,High,Low,High,1092,29,2.4
Ranchi,Pulses,Sandy Loam,6.23,High,Medium,Medium,991,27,1.12
Ranchi,Pulses,Loamy,6.63,Medium,Medium,Low,839,24,1.61
Ranchi,Pulses,Loamy,7.11,Low,High,Low,809,23,1.73
Ranchi,Wheat,Clay Loam,6.72,High,Low,Medium,965,22,3.19
Ranchi,Wheat,Clay Loam,6.29,Low,Medium,High,924,21,3.17
Ranchi,Wheat,Loamy,6.09,Low,High,Medium,1351,19,1.79
Ranchi,Rice,Loamy,6.39,High,Medium,Low,1346,30,4.33
Ranchi,Pulses,Loamy,6.82,High,Medium,Medium,875,27,1.31
Ranchi,Wheat,Clay Loam,6.48,Medium,Medium,Medium,1094,22,2.48
Ranchi,Wheat,Clay Loam,6.11,High,High,High,1206,23,2.57
Ranchi,Rice,Loamy,5.56,Medium,Medium,Low,1466,30,4.05
Ranchi,Maize,Sandy Loam,7.01,High,High,Low,900,18,2.65
Ranchi,Rice,Loamy,5.89,Low,Medium,Medium,1358,27,4.45
Ranchi,Wheat,Clay Loam,6.86,Medium,Low,Low,1366,20,1.85
Ranchi,Rice,Loamy,5.51,Medium,Medium,Low,1253,31,2.54
Ranchi,Pulses,Sandy Loam,6.33,Low,High,High,955,20,1.04
Ranchi,Rice,Clayey,6.63,Medium,High,Low,1444,23,3.02
Ranchi,Maize,Loamy,6.63,Low,High,Low,1061,23,2.09
Ranchi,Wheat,Loamy,7.26,High,Low,High,949,23,2.27
Ranchi,Wheat,Clay Loam,6.29,Low,Medium,Low,952,21,2.44
Ranchi,Pulses,Sandy Loam,7.11,High,Medium,Low,1065,18,1.27
Ranchi,Rice,Loamy,6.51,Medium,Medium,Low,1412,25,4.04
Ranchi,Wheat,Clay Loam,7.38,Medium,Low,High,1031,22,2.52
Ranchi,Wheat,Loamy,6.65,High,High,Low,987,25,1.7
Ranchi,Wheat,Clay Loam,6.86,Low,Medium,Low,982,21,1.94
Ranchi,Rice,Clayey,6.82,Low,Low,High,1212,29,3.6
Ranchi,Rice,Loamy,6.75,High,Medium,Low,1503,28,2.68
Ranchi,Maize,Sandy Loam,6.2,High,Low,Medium,1001,27,3.01
Ranchi,Pulses,Loamy,6.89,High,Medium,Medium,961,25,1.46
Ranchi,Pulses,Loamy,6.14,Medium,High,Low,932,20,1.07
Ranchi,Rice,Clayey,5.62,High,Low,Medium,1325,30,2.51
Ranchi,Pulses,Loamy,6.35,High,High,Medium,940,22,1.9
Ranchi,Maize,Loamy,6.56,Low,Low,High,1185,19,2.26
Ranchi,Rice,Clay Loam,6.72,Low,Low,Low,1398,25,4.15
Ranchi,Maize,Loamy,5.9,Low,High,Low,1114,25,3.99
Ranchi,Rice,Clayey,6.17,Low,Low,Low,1393,27,3.95
Ranchi,Wheat,Clay Loam,6.45,High,Medium,High,1353,24,2.47
Ranchi,Rice,Clay Loam,6.37,High,High,Medium,1208,23,2.68
Ranchi,Pulses,Loamy,7.17,High,Low,Medium,813,26,1.44
Ranchi,Wheat,Clay Loam,7.01,Low,Low,Medium,1056,25,1.83
Ranchi,Maize,Loamy,5.84,Low,High,Medium,1127,21,2.5
Ranchi,Wheat,Loamy,6.85,High,Low,High,1320,23,2.64
Ranchi,Maize,Sandy Loam,6.83,Medium,Low,High,1152,19,3.51
Ranchi,Pulses,Sandy Loam,7.06,High,High,High,885,18,1.96
Ranchi,Wheat,Loamy,6.71,High,High,Medium,1199,19,2.98
Ranchi,Wheat,Clay Loam,6.9,Medium,Low,Medium,1116,21,3.25
Ranchi,Wheat,Loamy,7.2,Low,Medium,High,1190,19,2.06
Ranchi,Maize,Loamy,7.24,Low,High,Medium,1033,26,2.57
Ranchi,Maize,Loamy,7.22,Low,Low,Medium,1170,22,2.86
Ranchi,Rice,Clay Loam,6.33,High,High,Medium,1287,23,2.79
Ranchi,Pulses,Sandy Loam,6.19,Medium,High,Low,1017,19,1.2
Ranchi,Rice,Clayey,6.64,Low,Medium,Low,1543,23,4.15
Ranchi,Maize,Loamy,6.36,Low,Medium,High,939,29,3.66
Ranchi,Maize,Sandy Loam,6.48,High,Medium,Low,1056,25,3.86
Ranchi,Wheat,Loamy,7.49,Low,High,Medium,1135,23,3.13
Ranchi,Pulses,Sandy Loam,6.79,Medium,High,Low,851,28,1.38
Ranchi,Pulses,Sandy Loam,6.29,Low,Low,Low,1041,25,1.54
Ranchi,Wheat,Clay Loam,6.03,Medium,Medium,High,1237,23,3.14
Ranchi,Wheat,Loamy,7.25,Low,Low,Medium,1015,18,1.88
Ranchi,Rice,Clayey,5.76,Low,Low,Medium,1410,29,4.39
Ranchi,Maize,Loamy,7.42,Low,Medium,High,1000,20,3.54
Ranchi,Maize,Loamy,6.73,High,Low,Medium,979,22,2.67
Ranchi,Wheat,Loamy,7.12,High,Low,Low,1321,20,2.89
Ranchi,Maize,Loamy,6.95,Low,High,Low,1117,26,3.98
Ranchi,Pulses,Sandy Loam,7.14,Low,Medium,Medium,1064,20,1.0
Ranchi,Maize,Sandy Loam,6.33,Low,High,Low,1137,25,2.17
Ranchi,Wheat,Clay Loam,7.43,Medium,Medium,Low,919,25,2.93
Ranchi,Maize,Loamy,7.3,High,Low,Low,1097,27,3.17
Ranchi,Pulses,Sandy Loam,6.87,High,Medium,High,1000,27,1.01
Ranchi,Rice,Clay Loam,5.53,Low,High,Low,1553,30,4.4
Ranchi,Wheat,Loamy,6.19,High,Medium,High,985,18,2.84
Ranchi,Maize,Loamy,7.19,Low,High,High,1193,18,3.32
Ranchi,Maize,Sandy Loam,6.0,Low,High,High,1146,20,3.5
Ranchi,Wheat,Clay Loam,6.85,Medium,High,Medium,1377,21,3.26
Ranchi,Wheat,Clay Loam,6.73,High,Low,Low,1212,25,2.5
Ranchi,Wheat,Clay Loam,7.22,Medium,Low,High,1284,22,2.35
Ranchi,Maize,Sandy Loam,6.17,High,High,High,1088,22,2.09
Ranchi,Pulses,Sandy Loam,6.41,Medium,High,Low,808,23,1.94
Ranchi,Maize,Loamy,5.95,Low,High,High,1185,24,3.97
Ranchi,Maize,Sandy Loam,6.24,Medium,Medium,Low,955,20,3.68
Ranchi,Pulses,Loamy,6.63,Low,Low,Medium,931,27,1.91
Ranchi,Rice,Clayey,5.86,High,High,Medium,1382,29,3.19
Ranchi,Rice,Clayey,5.91,High,Medium,Medium,1344,24,2.76
Ranchi,Pulses,Loamy,7.46,Medium,Low,High,1017,23,1.65
Ranchi,Wheat,Loamy,6.82,Low,High,High,1101,19,2.8
Ranchi,Rice,Loamy,5.77,Low,Low,Low,1566,28,3.83
Ranchi,Rice,Clayey,5.53,Low,High,High,1426,30,4.1
Ranchi,Rice,Loamy,6.92,Medium,Medium,High,1395,32,2.64
Ranchi,Wheat,Clay Loam,6.37,Medium,High,Low,1214,20,2.33
Ranchi,Maize,Loamy,6.78,Low,Medium,High,910,28,3.77
Ranchi,Rice,Clayey,6.24,Medium,Low,Medium,1599,24,2.68
Ranchi,Wheat,Clay Loam,6.01,High,Low,High,1117,18,2.11
Ranchi,Rice,Loamy,6.77,High,Medium,Medium,1506,27,2.55
Ranchi,Wheat,Clay Loam,6.7,Low,Medium,Medium,930,21,2.75
Ranchi,Pulses,Loamy,7.19,Medium,Low,High,1077,19,1.92
Ranchi,Wheat,Clay Loam,6.72,High,Medium,Low,1040,19,1.85
Ranchi,Pulses,Loamy,6.95,Low,High,Low,951,28,1.26
Ranchi,Maize,Loamy,6.15,High,Medium,Low,947,18,3.65
Ranchi,Rice,Clayey,5.75,Low,Low,Low,1376,29,4.1
Ranchi,Rice,Loamy,6.27,Low,High,Low,1456,28,2.87
Ranchi,Maize,Loamy,6.36,Low,High,Medium,956,20,2.47
Ranchi,Maize,Sandy Loam,7.42,Medium,High,High,1051,27,2.61
Ranchi,Pulses,Sandy Loam,7.15,High,High,Medium,910,22,1.02
Ranchi,Pulses,Loamy,6.29,Low,Low,Medium,923,26,1.99
Ranchi,Pulses,Sandy Loam,6.2,Low,Medium,Medium,1053,24,1.95
Ranchi,Pulses,Loamy,6.08,High,High,High,824,18,1.08
Ranchi,Wheat,Clay Loam,7.33,High,High,Medium,1351,21,2.1
Ranchi,Pulses,Loamy,7.21,Low,Low,High,1018,19,1.12
Ranchi,Pulses,Loamy,7.21,Low,Low,Low,894,28,1.68
Ranchi,Maize,Loamy,6.05,Medium,Medium,Medium,952,30,3.72
Ranchi,Pulses,Sandy Loam,7.19,Medium,Medium,Low,1084,21,1.54
Ranchi,Wheat,Clay Loam,6.9,High,Low,High,1065,19,3.28
Ranchi,Rice,Clay Loam,5.78,High,Medium,High,1558,24,3.83
Ranchi,Pulses,Sandy Loam,6.01,High,Medium,High,893,24,1.73
Ranchi,Maize,Loamy,6.25,Medium,Low,Medium,917,30,3.98
Ranchi,Maize,Sandy Loam,7.41,High,Medium,High,1037,28,3.41
Ranchi,Maize,Sandy Loam,7.08,High,High,Low,987,22,3.74
Ranchi,Rice,Clay Loam,5.69,Low,Low,Medium,1338,24,3.04
Ranchi,Pulses,Sandy Loam,6.14,Low,Medium,Low,819,20,1.68
Ranchi,Maize,Sandy Loam,6.61,High,Low,High,906,18,2.74
Ranchi,Maize,Sandy Loam,7.13,Low,Low,Medium,1187,29,2.87
Ranchi,Maize,Sandy Loam,6.23,Medium,Medium,Medium,1015,25,3.38
Ranchi,Wheat,Clay Loam,6.33,Medium,High,High,1024,22,2.63
Ranchi,Maize,Loamy,6.87,Low,Low,Medium,1195,22,3.5
Ranchi,Wheat,Loamy,7.45,Low,Low,Medium,1138,20,2.44
Ranchi,Wheat,Loamy,6.15,High,High,High,1103,22,2.58
Ranchi,Wheat,Clay Loam,7.02,Low,Medium,High,1377,22,3.24
Ranchi,Wheat,Loamy,6.99,Medium,Medium,Low,989,21,2.09
Ranchi,Pulses,Sandy Loam,7.42,Medium,Low,High,903,21,1.33
Ranchi,Pulses,Sandy Loam,6.53,High,High,Medium,1028,25,1.47
Ranchi,Rice,Clayey,5.67,Medium,High,Low,1584,24,4.46
Ranchi,Pulses,Loamy,7.06,High,High,Medium,817,26,1.12
Ranchi,Wheat,Clay Loam,6.86,High,Low,High,1327,24,2.13
Ranchi,Pulses,Sandy Loam,6.13,Medium,Low,High,887,21,1.18
Ranchi,Rice,Loamy,6.51,Medium,Low,Medium,1505,28,4.04
Ranchi,Rice,Clay Loam,6.37,Low,Medium,High,1493,30,3.6
Ranchi,Rice,Clay Loam,6.12,Low,Medium,Low,1553,30,3.81
Ranchi,Rice,Loamy,5.72,High,Low,Low,1270,32,4.15
Ranchi,Wheat,Loamy,7.02,Medium,High,Medium,1001,18,2.31
Ranchi,Pulses,Sandy Loam,7.07,Medium,High,Medium,1069,28,1.26
Ranchi,Maize,Sandy Loam,6.89,High,Medium,Low,991,18,3.13
Ranchi,Wheat,Loamy,7.48,High,Medium,Low,1257,25,2.85
Ranchi,Pulses,Sandy Loam,6.55,Low,Low,High,801,26,1.14
Ranchi,Rice,Clayey,6.26,High,High,Low,1426,32,3.86
Ranchi,Pulses,Loamy,7.45,Low,Low,Low,814,23,1.67
Ranchi,Pulses,Sandy Loam,6.96,High,Medium,Low,815,27,1.54
Ranchi,Rice,Clayey,6.81,High,Medium,High,1595,30,4.35
Ranchi,Wheat,Loamy,6.12,Low,Medium,Low,1212,25,3.09
Ranchi,Rice,Loamy,6.67,High,Low,Low,1348,22,4.43
Ranchi,Rice,Clayey,6.1,Medium,Low,Medium,1537,23,3.13
Ranchi,Wheat,Loamy,7.27,Low,Medium,Low,1154,25,2.1
Ranchi,Wheat,Clay Loam,6.53,High,Low,Low,1243,18,2.18
Ranchi,Wheat,Clay Loam,6.28,Medium,High,High,1386,24,2.12
Ranchi,Rice,Clayey,6.11,High,Low,High,1512,22,3.43
Ranchi,Wheat,Loamy,6.48,Medium,Low,High,973,21,2.32
Ranchi,Rice,Clay Loam,6.8,Medium,Medium,High,1361,24,4.33
Ranchi,Wheat,Clay Loam,6.37,High,High,High,992,21,2.47
Ranchi,Rice,Loamy,6.84,Low,High,High,1485,30,3.95
Ranchi,Maize,Sandy Loam,7.18,Low,Low,Medium,983,27,2.17
Ranchi,Wheat,Loamy,6.89,High,High,Medium,1043,18,2.66
Ranchi,Rice,Clay Loam,6.2,Medium,Low,Low,1227,24,3.32
Ranchi,Maize,Sandy Loam,7.44,Low,Medium,Low,943,30,3.78
Ranchi,Maize,Loamy,6.57,Medium,Low,Low,1034,28,3.64
Ranchi,Wheat,Loamy,6.04,Medium,High,Medium,960,23,3.31
Ranchi,Pulses,Loamy,6.67,High,Medium,Low,928,27,1.8
Ranchi,Wheat,Clay Loam,6.83,Medium,High,Low,1106,23,2.37
Ranchi,Maize,Sandy Loam,7.49,Medium,Medium,Low,1166,28,2.87
Ranchi,Pulses,Sandy Loam,6.84,Medium,Low,High,1007,23,1.8
Ranchi,Rice,Loamy,5.76,Low,High,Medium,1492,25,4.27
Ranchi,Wheat,Loamy,6.21,High,Medium,High,1226,24,2.03
Ranchi,Pulses,Loamy,7.5,Medium,Low,Low,1002,18,1.09
Ranchi,Pulses,Loamy,6.15,Medium,Medium,Low,937,26,1.92
Ranchi,Rice,Clay Loam,5.82,Low,High,Medium,1386,25,4.3
Ranchi,Rice,Loamy,6.94,Low,Medium,High,1385,23,2.95
Ranchi,Maize,Loamy,6.0,Low,Low,High,981,18,2.19
Ranchi,Maize,Sandy Loam,7.09,High,High,Low,1193,26,3.86
Ranchi,Rice,Loamy,6.97,High,Medium,Medium,1242,23,4.24
Ranchi,Maize,Loamy,7.13,High,High,Low,1035,29,2.46
Ranchi,Rice,Clayey,5.91,Low,Low,Medium,1276,22,2.56
Ranchi,Maize,Sandy Loam,6.49,Medium,Low,Low,1039,21,3.76
Ranchi,Wheat,Loamy,7.24,High,Medium,High,929,24,3.27
Ranchi,Pulses,Sandy Loam,7.29,Medium,Low,High,1089,19,1.11
Ranchi,Rice,Loamy,5.85,Low,Medium,High,1539,22,2.66
Ranchi,Rice,Clay Loam,6.02,Medium,Medium,Low,1337,30,3.1
Ranchi,Pulses,Loamy,6.3,High,Medium,Low,1088,26,1.32
Ranchi,Wheat,Clay Loam,7.22,Low,Medium,Low,1103,24,3.36
Ranchi,Maize,Loamy,7.4,Medium,High,Medium,1090,27,2.9
Ranchi,Maize,Loamy,6.92,Medium,High,Low,1069,28,2.65
Ranchi,Rice,Clay Loam,6.24,Low,High,Low,1248,30,2.66
Ranchi,Pulses,Sandy Loam,6.74,Low,Low,High,1020,22,1.53
Ranchi,Rice,Clayey,6.39,Medium,High,High,1374,27,2.53
Ranchi,Rice,Clayey,5.55,Medium,High,Low,1272,29,4.16
Ranchi,Wheat,Loamy,6.27,Medium,Medium,Medium,1335,25,2.03
Ranchi,Wheat,Loamy,6.66,Medium,Low,High,1239,21,3.19
Ranchi,Pulses,Loamy,6.24,Low,Medium,High,943,19,1.8
Ranchi,Maize,Sandy Loam,6.37,Low,Medium,Medium,1184,28,3.46
Ranchi,Maize,Sandy Loam,6.89,High,Low,High,933,18,3.16
Ranchi,Wheat,Loamy,7.41,Medium,Low,Medium,1318,19,3.27
Ranchi,Wheat,Clay Loam,7.23,Medium,High,Medium,941,21,2.42
Ranchi,Wheat,Loamy,6.81,Medium,High,Low,934,22,3.28
Ranchi,Pulses,Loamy,6.62,Medium,High,High,882,20,1.95
Ranchi,Rice,Clayey,6.99,High,High,Low,1209,31,4.19
Ranchi,Pulses,Loamy,6.92,Low,High,Medium,1046,20,1.1
Ranchi,Rice,Clay Loam,5.91,Medium,High,Low,1577,26,3.18
Ranchi,Wheat,Clay Loam,7.49,High,High,Medium,1138,23,2.39
Ranchi,Wheat,Loamy,7.31,Low,High,Medium,1384,23,1.75
Ranchi,Rice,Clay Loam,6.02,Medium,High,High,1517,22,4.16
Ranchi,Pulses,Sandy Loam,6.37,High,Medium,Medium,1041,23,1.88
Ranchi,Pulses,Loamy,6.24,High,Medium,Low,1003,20,1.61
Ranchi,Rice,Loamy,5.61,Medium,High,Low,1275,26,2.86
Ranchi,Pulses,Sandy Loam,6.41,Low,Low,Medium,1033,25,1.55
Ranchi,Pulses,Loamy,7.46,High,Medium,Medium,1088,22,2.0
Ranchi,Maize,Sandy Loam,7.12,Low,Low,Low,1115,24,3.43
Ranchi,Maize,Sandy Loam,6.26,Medium,Medium,Medium,1085,25,2.14
Ranchi,Pulses,Sandy Loam,6.35,Medium,Low,High,802,20,1.72
Ranchi,Maize,Sandy Loam,5.89,High,Medium,Low,1041,21,3.43
Ranchi,Maize,Loamy,7.44,Medium,High,Medium,1199,26,2.46
Ranchi,Maize,Loamy,6.93,High,High,High,1145,23,3.09
Ranchi,Maize,Loamy,6.28,Low,Low,Low,1080,24,2.65
Ranchi,Rice,Loamy,6.38,Low,High,Low,1557,31,3.32
Ranchi,Wheat,Loamy,6.59,Low,High,Low,1363,18,3.2
Ranchi,Maize,Sandy Loam,7.39,Medium,High,Low,1083,19,3.04
Ranchi,Pulses,Sandy Loam,7.0,Low,High,Low,810,21,1.93
Ranchi,Wheat,Clay Loam,6.37,Medium,High,Low,1388,21,2.75
Ranchi,Rice,Clayey,6.54,High,Medium,Medium,1210,30,3.69
Ranchi,Wheat,Clay Loam,7.26,Low,Low,Low,1193,21,3.21
Ranchi,Wheat,Clay Loam,7.01,High,Low,Low,1365,24,2.08
Ranchi,Wheat,Loamy,6.51,Low,High,High,1027,18,3.12
Ranchi,Wheat,Loamy,6.88,Low,Medium,High,975,20,2.68
Ranchi,Pulses,Sandy Loam,6.52,Medium,Low,High,952,22,1.11
Ranchi,Pulses,Sandy Loam,6.06,High,Low,High,894,24,1.88
Ranchi,Wheat,Clay Loam,7.06,Medium,Low,Medium,1234,22,2.69
Ranchi,Rice,Clay Loam,6.88,Medium,High,Low,1330,23,3.43
Ranchi,Maize,Sandy Loam,6.44,Low,Low,High,1077,24,3.23
Ranchi,Wheat,Loamy,6.96,High,Low,High,1314,19,3.28
Ranchi,Wheat,Loamy,6.77,Medium,Medium,Medium,1108,22,1.95
Ranchi,Maize,Sandy Loam,7.3,Medium,High,High,1129,25,2.44
Ranchi,Pulses,Sandy Loam,6.64,Low,High,High,1030,28,1.82
Ranchi,Maize,Loamy,5.98,High,Low,Low,1017,30,2.7
Ranchi,Rice,Loamy,5.94,High,Low,High,1579,29,4.38
Ranchi,Maize,Loamy,6.81,High,High,Low,1075,30,3.67
Ranchi,Wheat,Loamy,7.28,Low,Low,High,1098,25,3.15
Ranchi,Maize,Sandy Loam,6.97,High,Medium,Low,1023,23,2.01
Ranchi,Wheat,Loamy,6.04,Medium,High,Low,1299,24,2.28
Ranchi,Maize,Sandy Loam,6.06,High,Low,Medium,921,30,2.49
Ranchi,Wheat,Clay Loam,7.4,Low,Low,Low,934,25,1.82
Ranchi,Maize,Sandy Loam,6.48,High,Medium,Medium,1063,28,3.84
Ranchi,Wheat,Clay Loam,7.44,High,Low,High,1165,21,2.33
Ranchi,Maize,Sandy Loam,7.04,Low,Medium,Medium,999,23,3.64
Ranchi,Wheat,Loamy,6.72,Medium,Medium,Low,1256,20,2.86
Ranchi,Rice,Clayey,6.01,High,Medium,High,1580,31,2.62
Ranchi,Pulses,Sandy Loam,6.91,Medium,Low,High,845,24,1.67
Ranchi,Wheat,Clay Loam,7.16,Medium,Low,Low,1177,21,2.05
Ranchi,Rice,Loamy,6.25,Low,Medium,Low,1313,31,3.87
Ranchi,Wheat,Loamy,7.32,Low,High,Low,987,24,2.63
Ranchi,Maize,Sandy Loam,6.6,High,Medium,Low,927,21,2.12
Ranchi,Maize,Sandy Loam,7.25,High,High,High,1066,21,3.06
Ranchi,Rice,Clayey,6.44,Low,High,Medium,1371,31,3.35
Ranchi,Pulses,Loamy,7.21,Low,High,Medium,1023,22,1.16
Ranchi,Rice,Loamy,5.94,High,Medium,Medium,1269,27,2.87
Ranchi,Maize,Sandy Loam,5.96,Medium,High,Low,921,21,2.79
Ranchi,Maize,Loamy,7.45,High,Medium,High,950,28,2.48
Ranchi,Pulses,Sandy Loam,7.33,High,Medium,High,1029,26,1.65
Ranchi,Wheat,Clay Loam,6.63,Low,Low,Low,979,24,3.21
Ranchi,Maize,Sandy Loam,6.11,High,High,High,1014,19,3.15
Ranchi,Wheat,Clay Loam,6.52,Medium,Low,Medium,1224,22,1.99
Ranchi,Pulses,Loamy,7.5,High,Low,Low,1082,27,1.24
Ranchi,Pulses,Loamy,6.78,Medium,High,High,895,28,1.3
Ranchi,Wheat,Clay Loam,6.11,High,Low,High,1038,18,3.17
Ranchi,Rice,Clay Loam,5.78,Low,High,Low,1331,31,2.52
Ranchi,Pulses,Loamy,6.55,High,Low,High,864,28,1.69
Ranchi,Pulses,Loamy,6.82,Medium,Medium,High,915,25,1.65
Ranchi,Wheat,Clay Loam,6.56,Medium,Low,Medium,1228,21,3.39
Ranchi,Wheat,Clay Loam,6.72,Low,Low,Low,1227,22,3.22
Ranchi,Maize,Sandy Loam,7.13,High,Low,High,1026,23,3.01
Ranchi,Maize,Sandy Loam,6.55,Medium,Medium,High,1059,18,2.72
Ranchi,Rice,Loamy,5.68,Low,High,Medium,1572,32,3.5
Ranchi,Rice,Loamy,5.93,Low,High,Low,1435,29,3.52
Ranchi,Rice,Loamy,6.09,Medium,Low,Medium,1485,24,3.61
Ranchi,Pulses,Sandy Loam,6.74,High,High,High,1031,21,1.1
Ranchi,Maize,Loamy,6.86,Low,High,Low,950,19,2.71
Ranchi,Pulses,Loamy,7.08,High,High,Medium,1011,24,1.3
Ranchi,Maize,Sandy Loam,6.52,Medium,Medium,High,1160,19,3.13
Ranchi,Rice,Clay Loam,5.71,Medium,Medium,High,1457,29,4.32
Ranchi,Wheat,Clay Loam,6.5,Low,Low,Medium,1364,25,2.99
Ranchi,Maize,Loamy,6.24,Medium,High,Low,921,22,3.14
Ranchi,Wheat,Loamy,6.2,Low,High,Medium,1155,22,2.73
Ranchi,Rice,Clay Loam,5.65,Medium,High,Medium,1420,24,4.08
Ranchi,Maize,Loamy,6.85,Low,Medium,Low,1149,29,3.59
Ranchi,Rice,Clay Loam,6.51,High,Low,Low,1478,31,2.79
Ranchi,Maize,Sandy Loam,6.32,Medium,High,Low,1009,24,3.3
Ranchi,Wheat,Clay Loam,6.05,Medium,High,Low,1174,21,3.38
Ranchi,Rice,Loamy,5.75,Low,High,Low,1213,32,2.95
Ranchi,Pulses,Sandy Loam,6.48,Medium,Low,Medium,996,24,1.27
Ranchi,Pulses,Loamy,6.78,Medium,Low,Medium,911,18,1.24
Ranchi,Rice,Clay Loam,6.42,Medium,Low,High,1240,25,3.74
Ranchi,Wheat,Clay Loam,6.45,High,Low,High,1120,21,2.04
Ranchi,Wheat,Clay Loam,6.82,Medium,Medium,Medium,1307,20,2.76
Ranchi,Pulses,Sandy Loam,7.13,Low,Medium,High,1083,21,1.95
Ranchi,Wheat,Loamy,6.99,Low,Medium,Medium,986,19,1.89
Ranchi,Maize,Loamy,7.25,Low,Medium,Low,1089,19,2.65
Ranchi,Wheat,Loamy,6.66,Low,Low,High,1230,19,2.47
Ranchi,Rice,Loamy,6.05,Low,High,Low,1246,26,3.29
Ranchi,Pulses,Loamy,6.72,High,Medium,Medium,858,20,1.8
Ranchi,Maize,Sandy Loam,7.29,Medium,Low,High,1172,22,2.16
Ranchi,Maize,Loamy,6.18,Medium,High,Medium,1049,24,2.15
Ranchi,Rice,Loamy,6.33,High,Low,Medium,1498,29,3.73
Ranchi,Wheat,Clay Loam,6.8,High,Medium,High,981,25,2.49
Ranchi,Rice,Clay Loam,6.12,Low,Low,Low,1325,27,2.72
Ranchi,Wheat,Loamy,6.33,Low,Medium,Medium,1359,23,2.81
Ranchi,Maize,Sandy Loam,6.26,Low,High,High,1029,25,3.5
Ranchi,Pulses,Sandy Loam,6.65,Low,Medium,Medium,1002,27,1.17
Ranchi,Wheat,Clay Loam,6.57,Low,Medium,High,1203,22,2.69
Ranchi,Wheat,Loamy,6.48,Low,High,Low,1159,19,2.36
Ranchi,Pulses,Loamy,7.03,Low,High,Medium,950,20,1.77
Ranchi,Wheat,Loamy,7.09,Medium,Medium,High,1076,22,3.21
Ranchi,Maize,Sandy Loam,6.72,Medium,Medium,Medium,1182,29,2.18
Ranchi,Pulses,Sandy Loam,6.24,Medium,Medium,High,822,28,1.5
Ranchi,Rice,Clay Loam,6.28,Medium,Low,High,1403,26,3.64
Ranchi,Wheat,Clay Loam,6.36,Low,High,High,1046,21,2.97
Ranchi,Wheat,Clay Loam,6.54,Medium,Low,Medium,1126,25,3.3
Ranchi,Pulses,Loamy,6.2,Low,Low,Medium,968,26,1.88
Ranchi,Wheat,Loamy,6.45,High,High,Low,1109,22,3.02
Ranchi,Pulses,Sandy Loam,6.86,High,Medium,Medium,805,18,1.74
Ranchi,Wheat,Clay Loam,6.08,Low,Low,High,1101,19,2.68
Ranchi,Pulses,Loamy,6.23,Low,High,Low,857,28,1.98
Ranchi,Pulses,Sandy Loam,7.45,High,Medium,High,1086,26,1.0
Ranchi,Wheat,Clay Loam,6.42,Medium,Low,Low,1152,23,3.04
Ranchi,Rice,Clayey,5.69,Low,Medium,Medium,1216,30,4.25
Ranchi,Maize,Sandy Loam,5.81,Low,Medium,High,972,29,2.67
Ranchi,Rice,Loamy,5.55,High,High,Medium,1423,32,3.54
Ranchi,Pulses,Loamy,6.83,High,Medium,High,820,26,1.06
Ranchi,Rice,Loamy,5.68,Medium,Low,High,1585,22,2.66
Ranchi,Pulses,Loamy,7.22,High,Medium,High,948,25,1.95
Ranchi,Rice,Clayey,5.51,Low,Medium,Medium,1301,28,3.08
Ranchi,Pulses,Loamy,6.73,Medium,Medium,Low,867,20,1.93
Ranchi,Wheat,Clay Loam,6.52,High,Medium,High,1007,20,3.39
Ranchi,Pulses,Sandy Loam,7.5,Low,Low,Low,1002,18,1.78
Ranchi,Rice,Clay Loam,6.65,High,Low,Medium,1298,25,2.7
Ranchi,Rice,Clayey,5.86,Low,Low,High,1527,27,3.32
Ranchi,Rice,Loamy,6.09,Medium,Medium,Low,1278,28,3.21
Ranchi,Pulses,Sandy Loam,6.41,Medium,High,Low,857,26,1.45
Ranchi,Maize,Loamy,7.16,High,Medium,Low,1114,18,3.63
Ranchi,Rice,Clay Loam,5.79,High,Medium,Low,1254,27,2.73
Ranchi,Wheat,Clay Loam,7.23,Medium,Medium,Low,1029,18,2.22
Ranchi,Wheat,Loamy,6.68,Low,Low,High,1359,20,1.88
Ranchi,Wheat,Loamy,7.25,Medium,High,Medium,1205,23,1.95
Ranchi,Wheat,Clay Loam,6.06,Low,Medium,Low,1303,20,2.01
Ranchi,Wheat,Loamy,6.24,High,High,High,1151,18,1.99
Ranchi,Wheat,Loamy,7.24,Medium,Low,Low,1260,21,2.2
Ranchi,Wheat,Loamy,7.17,Low,Medium,High,1061,18,2.58
Ranchi,Rice,Loamy,5.53,Low,Low,Low,1485,32,3.89
Ranchi,Wheat,Clay Loam,6.91,High,Low,High,1332,22,3.39
Ranchi,Maize,Loamy,7.35,Low,High,High,1077,22,3.63
Ranchi,Maize,Loamy,6.13,High,Low,High,968,19,2.96
Ranchi,Maize,Loamy,6.63,Low,High,Medium,992,30,2.81
Ranchi,Pulses,Loamy,6.77,Low,High,High,1071,24,1.75
Ranchi,Pulses,Sandy Loam,6.6,High,Low,Medium,834,23,1.35
Ranchi,Pulses,Loamy,7.38,High,Medium,High,936,21,1.06
Ranchi,Wheat,Clay Loam,7.31,Medium,Low,High,1363,20,2.89
Ranchi,Wheat,Loamy,6.08,Low,Low,High,903,21,2.41
Ranchi,Pulses,Loamy,7.19,High,Medium,Low,1030,21,1.88
Ranchi,Pulses,Sandy Loam,6.48,High,Low,Medium,971,25,1.5
Ranchi,Rice,Loamy,6.44,Medium,Medium,High,1289,22,3.13
Ranchi,Wheat,Loamy,6.1,Medium,Low,High,1065,23,1.99
Ranchi,Maize,Sandy Loam,6.47,Medium,Low,Low,1050,25,3.54
Ranchi,Pulses,Loamy,6.98,Low,Medium,High,874,19,1.46
Ranchi,Pulses,Loamy,7.22,Low,Low,High,870,28,1.28
Ranchi,Pulses,Sandy Loam,6.87,Low,Medium,Medium,905,25,1.92
Ranchi,Rice,Clay Loam,6.79,Low,Low,Low,1572,25,3.04
Ranchi,Rice,Loamy,6.17,Low,Low,High,1450,22,2.79
Ranchi,Pulses,Sandy Loam,7.37,High,Medium,High,1063,23,1.29
Ranchi,Maize,Loamy,6.74,Medium,Low,High,1016,30,3.16
Ranchi,Maize,Sandy Loam,6.34,High,High,Medium,1022,26,3.67
Ranchi,Pulses,Loamy,6.2,Low,High,High,1051,18,1.0
Ranchi,Rice,Clayey,6.97,Low,Medium,Low,1455,26,3.88
Ranchi,Maize,Loamy,6.28,Medium,Medium,High,1063,28,3.56
Ranchi,Pulses,Loamy,7.03,Medium,Medium,High,869,26,1.81
Ranchi,Maize,Sandy Loam,6.97,Low,Low,Medium,951,20,2.95
Ranchi,Pulses,Sandy Loam,6.2,Medium,Low,Medium,811,20,1.54
Ranchi,Pulses,Loamy,6.32,Medium,Low,Low,1088,18,1.97
Ranchi,Wheat,Loamy,6.44,Medium,Medium,Low,1192,22,2.7
Ranchi,Wheat,Loamy,6.34,High,High,Medium,901,19,2.51
Ranchi,Pulses,Loamy,6.02,Low,High,High,1053,20,1.7
Ranchi,Wheat,Loamy,6.69,Medium,High,High,928,19,2.46
Ranchi,Maize,Sandy Loam,7.2,Medium,High,High,973,25,2.87
Ranchi,Wheat,Loamy,7.14,Low,High,Medium,1099,18,2.25
Ranchi,Maize,Sandy Loam,7.2,Low,Low,High,905,29,2.62
Ranchi,Maize,Loamy,7.09,High,Medium,Low,950,19,2.8
Ranchi,Pulses,Sandy Loam,6.88,Low,Medium,High,1067,27,1.62
Ranchi,Rice,Clay Loam,5.8,Medium,High,Low,1565,22,3.5
Ranchi,Maize,Sandy Loam,7.19,High,High,Medium,933,26,3.16
Ranchi,Wheat,Clay Loam,7.33,High,Medium,High,1206,18,2.23
Ranchi,Pulses,Sandy Loam,6.27,Medium,High,High,1090,20,1.55
Ranchi,Rice,Clay Loam,5.8,Low,Low,Medium,1445,29,3.87
Ranchi,Maize,Loamy,6.28,High,Medium,High,1181,23,3.34
Ranchi,Rice,Loamy,5.53,High,Medium,High,1370,31,4.21
Ranchi,Pulses,Loamy,6.44,Medium,Low,Medium,873,18,1.17
Ranchi,Rice,Loamy,6.46,High,Medium,Medium,1469,32,2.7
Ranchi,Pulses,Sandy Loam,6.31,High,Low,Low,818,22,1.37
Ranchi,Wheat,Loamy,6.83,High,High,High,977,25,3.19
Ranchi,Wheat,Clay Loam,7.06,Low,Medium,High,1007,25,2.53
Ranchi,Rice,Clay Loam,6.15,Low,High,High,1436,25,3.37
Ranchi,Rice,Clay Loam,6.65,High,Low,High,1424,30,3.12
Ranchi,Pulses,Loamy,6.57,Medium,Medium,Medium,925,25,1.32
Ranchi,Wheat,Loamy,7.22,Low,Medium,High,1350,18,2.75
Ranchi,Rice,Clay Loam,5.97,High,Low,Medium,1419,24,4.16
Ranchi,Maize,Sandy Loam,6.51,Medium,High,High,1110,23,3.64
Ranchi,Rice,Clay Loam,5.86,Medium,High,Low,1305,32,4.21
Ranchi,Rice,Clay Loam,6.18,Medium,Medium,Low,1421,27,3.55
Ranchi,Rice,Clay Loam,6.72,Medium,Low,Medium,1552,22,3.25
Ranchi,Rice,Loamy,6.76,High,Low,High,1350,27,3.63
Ranchi,Maize,Loamy,7.17,Medium,Low,Low,1091,20,3.77
Ranchi,Rice,Clayey,6.38,Medium,Medium,Medium,1438,30,2.51
Ranchi,Wheat,Loamy,6.69,High,High,Low,1244,21,1.96
Ranchi,Wheat,Loamy,6.02,Medium,Low,Medium,974,24,2.48
Ranchi,Wheat,Loamy,6.01,High,Low,Medium,1157,24,1.76
Ranchi,Wheat,Loamy,6.93,High,Low,Low,921,21,2.3
Ranchi,Pulses,Sandy Loam,7.07,Medium,Medium,High,930,26,1.57
Ranchi,Wheat,Loamy,6.87,Medium,Low,High,1282,24,2.4
Ranchi,Wheat,Clay Loam,6.5,Medium,Low,Medium,1237,19,1.71
Ranchi,Maize,Loamy,5.85,Low,Low,Low,1053,29,2.53
Ranchi,Pulses,Sandy Loam,7.44,Low,Low,Medium,802,28,1.49
Ranchi,Wheat,Loamy,6.59,High,High,High,1265,24,3.38
Ranchi,Pulses,Loamy,7.18,Medium,Medium,Low,941,23,1.54
Ranchi,Rice,Loamy,5.89,High,Medium,High,1516,27,3.69
Ranchi,Pulses,Loamy,6.46,Low,Low,Medium,1020,25,1.53
Ranchi,Rice,Loamy,5.52,Medium,Low,Medium,1415,22,3.07
Ranchi,Rice,Loamy,7.0,Medium,High,Medium,1399,28,2.71
Ranchi,Pulses,Loamy,6.93,Low,High,Medium,1016,25,1.61
Ranchi,Pulses,Sandy Loam,6.09,Medium,High,High,955,19,1.43
Ranchi,Rice,Clayey,5.83,Low,Medium,Medium,1219,24,3.13
Ranchi,Maize,Sandy Loam,6.08,High,High,High,968,27,3.77
Ranchi,Pulses,Sandy Loam,6.09,Low,Low,Medium,944,20,1.83
Ranchi,Rice,Loamy,5.62,High,High,Low,1348,22,2.77
Ranchi,Rice,Loamy,6.48,Medium,Low,High,1314,29,3.33
Ranchi,Maize,Loamy,6.45,High,Medium,Medium,1025,18,2.5
Ranchi,Wheat,Clay Loam,6.85,Medium,Low,High,938,18,3.3
Ranchi,Maize,Loamy,6.03,Medium,High,High,989,27,3.03
Ranchi,Pulses,Loamy,6.51,Low,Low,Medium,1074,23,1.9
Ranchi,Pulses,Sandy Loam,6.22,Medium,Medium,Medium,900,28,1.15
Ranchi,Maize,Loamy,7.12,Medium,Low,Medium,1121,27,3.78
Ranchi,Pulses,Sandy Loam,7.34,High,Medium,Medium,916,24,1.35
Ranchi,Wheat,Clay Loam,6.82,Medium,High,High,1194,22,2.59
Ranchi,Maize,Sandy Loam,6.88,Low,Medium,High,1115,20,2.53
Ranchi,Pulses,Sandy Loam,7.12,Medium,Low,Low,1061,26,1.56
Ranchi,Rice,Clayey,6.8,High,Low,High,1458,29,3.41
Ranchi,Rice,Clayey,6.46,High,Low,Low,1473,24,3.19
Ranchi,Rice,Clayey,5.83,High,Medium,High,1534,30,3.88
Ranchi,Wheat,Loamy,6.6,High,Medium,Low,1006,18,3.07
Ranchi,Wheat,Clay Loam,6.47,Low,Medium,Medium,1162,18,2.39
Ranchi,Wheat,Clay Loam,7.07,Medium,Low,High,1116,25,2.96
Ranchi,Wheat,Clay Loam,7.18,Low,Medium,Low,1115,19,2.7
Ranchi,Pulses,Loamy,6.91,Low,Medium,Low,1063,24,1.94
Ranchi,Wheat,Loamy,6.54,Medium,Low,Medium,1335,21,2.98
Ranchi,Maize,Sandy Loam,6.07,Medium,High,Low,1009,30,2.22
Ranchi,Wheat,Clay Loam,6.01,High,Low,High,975,19,2.24
Ranchi,Wheat,Loamy,6.04,Medium,High,Low,902,18,2.58
Ranchi,Wheat,Clay Loam,6.63,Medium,Medium,High,1278,23,2.35
Ranchi,Rice,Loamy,5.7,High,Low,Low,1393,31,3.22
Ranchi,Maize,Loamy,6.95,Medium,High,High,1097,27,3.31
Ranchi,Pulses,Sandy Loam,6.17,High,Low,Medium,910,23,1.4
Ranchi,Wheat,Clay Loam,6.62,Low,Medium,Medium,1024,24,2.1
Ranchi,Rice,Clay Loam,5.8,Medium,Low,Low,1295,27,3.9
Ranchi,Wheat,Loamy,6.27,Medium,Medium,High,1075,22,3.15
Ranchi,Rice,Clayey,5.68,Medium,Low,High,1388,26,3.48
Ranchi,Wheat,Loamy,6.16,Medium,Medium,Low,1274,18,2.6
Ranchi,Wheat,Clay Loam,6.62,Low,Low,Medium,1236,23,3.03
Ranchi,Wheat,Clay Loam,6.95,Low,Medium,High,1198,23,2.56
Ranchi,Pulses,Loamy,6.84,Low,High,Low,841,25,1.49
Ranchi,Wheat,Clay Loam,7.3,Medium,Low,High,1191,22,2.65
Ranchi,Maize,Loamy,6.4,Medium,Low,High,1109,19,3.49
Ranchi,Maize,Sandy Loam,7.02,Low,High,Medium,1145,19,2.54
Ranchi,Rice,Clayey,6.35,High,Medium,High,1552,28,2.84
Ranchi,Maize,Sandy Loam,6.68,Medium,Low,High,1081,20,3.84
Ranchi,Wheat,Loamy,6.77,Medium,Low,Low,1357,23,3.07
Ranchi,Rice,Clay Loam,6.21,Low,Low,Low,1324,26,3.84
Ranchi,Pulses,Loamy,7.26,Medium,High,High,862,28,1.81
Ranchi,Wheat,Loamy,6.59,Medium,Low,Low,1074,23,2.84
Ranchi,Wheat,Clay Loam,7.25,Low,Low,Medium,1027,22,1.77
Ranchi,Pulses,Loamy,6.56,High,High,Low,1018,20,1.05
Ranchi,Maize,Loamy,7.11,High,High,High,1175,23,2.15
Ranchi,Maize,Loamy,7.15,Low,High,Medium,1048,20,3.27
Ranchi,Wheat,Clay Loam,6.63,Medium,Low,High,1303,23,3.14
Ranchi,Maize,Loamy,7.19,Low,Medium,Low,1019,18,2.79
Ranchi,Wheat,Clay Loam,6.99,Low,Low,Medium,1114,23,2.2
Ranchi,Wheat,Clay Loam,6.05,Low,Medium,High,1064,21,3.31
Ranchi,Maize,Sandy Loam,7.4,High,Low,Medium,1035,21,2.13
Ranchi,Maize,Sandy Loam,6.45,High,Low,High,919,26,2.21
Ranchi,Rice,Loamy,6.32,Medium,Low,Medium,1366,22,4.24
Ranchi,Maize,Loamy,6.95,Low,Medium,Medium,1082,27,2.42
Ranchi,Maize,Sandy Loam,7.34,Medium,Low,Low,1071,28,2.49
Ranchi,Maize,Sandy Loam,5.99,High,High,Low,1012,18,3.18
Ranchi,Rice,Clayey,6.87,Low,High,Medium,1483,24,3.92
Ranchi,Rice,Clayey,6.96,Medium,Low,High,1443,26,3.93
Ranchi,Pulses,Sandy Loam,7.37,High,Medium,High,915,24,1.88
Ranchi,Rice,Loamy,6.0,Low,Medium,Medium,1311,25,2.53
Ranchi,Wheat,Loamy,6.22,High,Medium,Medium,1280,21,1.94
Ranchi,Rice,Clayey,6.67,Low,Low,Low,1259,22,3.14
Ranchi,Rice,Clay Loam,6.72,Low,Low,Low,1261,27,3.05
Ranchi,Rice,Clayey,5.82,Low,Low,Medium,1225,22,2.62
Ranchi,Maize,Sandy Loam,6.14,High,High,High,1082,25,3.48
Ranchi,Wheat,Loamy,6.05,Low,Medium,High,926,23,3.14
Ranchi,Pulses,Loamy,6.51,Medium,High,Low,1100,26,1.7
Ranchi,Wheat,Loamy,7.36,High,High,Medium,1114,20,1.72
Ranchi,Wheat,Clay Loam,6.29,Medium,High,High,1117,22,2.49
Ranchi,Maize,Loamy,6.68,High,Low,Medium,993,19,3.68
Ranchi,Rice,Loamy,6.24,Low,Low,Low,1273,25,4.35
Ranchi,Wheat,Clay Loam,7.0,Low,Low,Medium,1388,24,2.79
Ranchi,Maize,Loamy,6.31,Medium,High,High,1047,29,3.11
Ranchi,Pulses,Sandy Loam,7.26,Medium,High,High,966,18,1.21
Ranchi,Pulses,Sandy Loam,7.27,High,High,High,971,23,1.97
Ranchi,Rice,Clayey,6.91,Low,High,High,1489,29,2.53
Ranchi,Wheat,Loamy,7.49,Low,Medium,Low,1161,22,2.35
Ranchi,Rice,Clayey,5.94,Low,Medium,Medium,1514,27,3.61
Ranchi,Wheat,Clay Loam,6.58,Low,Low,High,1028,21,2.78
Ranchi,Rice,Clay Loam,6.05,High,High,Medium,1443,28,3.02
Ranchi,Rice,Clayey,6.0,High,Low,Medium,1415,22,3.84
Ranchi,Pulses,Loamy,7.38,High,Low,High,844,22,1.96
Ranchi,Pulses,Sandy Loam,7.08,High,Low,Medium,925,21,1.74
Ranchi,Wheat,Loamy,6.48,Low,Low,Medium,1390,25,2.99
Ranchi,Rice,Clay Loam,6.86,Low,Medium,Low,1572,24,4.36
Ranchi,Pulses,Loamy,7.47,Medium,High,Low,919,18,1.52
Ranchi,Maize,Loamy,6.42,Low,High,Low,1181,18,3.56
Ranchi,Maize,Loamy,7.44,Medium,Medium,Low,952,26,2.51
Ranchi,Wheat,Loamy,6.87,Low,Low,High,1251,21,1.79
Ranchi,Wheat,Loamy,6.24,High,High,Medium,1120,22,2.06
Ranchi,Pulses,Sandy Loam,6.97,Low,High,Low,1019,18,1.76
Ranchi,Wheat,Clay Loam,6.88,High,Low,Medium,954,23,2.05
Ranchi,Rice,Loamy,5.91,Medium,Medium,High,1527,25,3.05
Ranchi,Rice,Clay Loam,6.52,Low,Low,High,1301,30,4.27
Ranchi,Rice,Clayey,6.45,High,Medium,High,1359,32,4.27
Ranchi,Maize,Sandy Loam,6.28,High,Low,Low,981,27,3.62
Ranchi,Rice,Clayey,6.84,Medium,Medium,Low,1208,25,2.94
Ranchi,Wheat,Clay Loam,7.18,High,Medium,Medium,1113,25,3.3
Ranchi,Rice,Loamy,6.44,High,Low,Medium,1323,29,4.34
Ranchi,Rice,Clay Loam,5.74,Medium,High,High,1343,22,2.99
Ranchi,Pulses,Sandy Loam,6.64,High,High,High,944,28,1.98
Ranchi,Rice,Clay Loam,6.82,Medium,Medium,High,1331,32,3.94
Ranchi,Rice,Clayey,6.83,Low,Low,Medium,1393,22,2.6
Ranchi,Maize,Loamy,6.14,Low,High,Low,918,20,3.05
Ranchi,Pulses,Loamy,6.49,Low,Low,Medium,933,20,1.88
Ranchi,Rice,Clay Loam,5.91,Low,High,Low,1560,24,4.48
Ranchi,Maize,Sandy Loam,5.93,Low,Medium,High,1198,23,2.13
Ranchi,Pulses,Sandy Loam,7.34,Medium,Low,High,1092,25,1.6
Ranchi,Maize,Sandy Loam,6.64,High,Medium,High,1047,26,2.8
Ranchi,Pulses,Loamy,6.19,Low,High,Medium,996,20,1.58
Ranchi,Wheat,Clay Loam,6.08,Medium,High,High,1293,19,2.6
Ranchi,Rice,Clayey,6.5,Low,Low,Low,1572,27,4.32
Ranchi,Wheat,Clay Loam,7.48,High,Low,Low,900,24,2.11
Ranchi,Pulses,Loamy,6.99,Medium,Medium,High,1019,27,1.43
Ranchi,Wheat,Loamy,6.45,Medium,Medium,Low,956,25,3.31
Ranchi,Maize,Sandy Loam,7.15,Low,Low,High,1122,23,3.49
Ranchi,Wheat,Loamy,7.22,Medium,High,High,1002,21,2.49
Ranchi,Maize,Loamy,7.25,Medium,Low,High,993,27,2.65
Ranchi,Rice,Clay Loam,6.23,Medium,High,Low,1321,29,2.52
Ranchi,Rice,Clayey,6.26,High,Medium,Medium,1282,24,4.11
Ranchi,Maize,Loamy,6.86,High,Low,High,1017,21,2.94
Ranchi,Rice,Clayey,5.76,High,Medium,High,1450,32,2.52
Ranchi,Maize,Sandy Loam,6.86,Medium,Medium,Low,1031,27,2.34
Ranchi,Wheat,Loamy,6.45,Low,Medium,Low,1035,19,2.85
Ranchi,Pulses,Sandy Loam,7.21,Medium,Low,Medium,897,21,1.26
Ranchi,Maize,Sandy Loam,6.97,Medium,High,Low,995,28,3.47
Ranchi,Pulses,Sandy Loam,6.93,Low,Medium,High,1065,21,1.84
Ranchi,Maize,Loamy,5.98,Medium,Low,Medium,1064,28,3.99
Ranchi,Rice,Clay Loam,6.56,Low,High,Low,1324,24,3.69
Ranchi,Pulses,Loamy,7.09,Medium,Medium,Low,1093,22,1.43
Ranchi,Pulses,Sandy Loam,6.29,Medium,Medium,Medium,804,23,1.02
Ranchi,Pulses,Sandy Loam,6.23,Low,High,High,1041,24,1.66
Ranchi,Wheat,Loamy,6.81,High,High,Low,1066,23,2.24
Ranchi,Wheat,Clay Loam,6.91,Low,High,Medium,1168,24,2.26
Ranchi,Rice,Clay Loam,5.65,Medium,Low,Low,1299,24,3.98
Ranchi,Pulses,Sandy Loam,7.47,Medium,Low,Low,1093,19,1.74
Ranchi,Rice,Clay Loam,5.61,Low,Low,Low,1455,29,3.09
Ranchi,Pulses,Sandy Loam,7.0,Low,Low,Medium,919,25,1.65
Ranchi,Rice,Loamy,6.2,Low,Medium,High,1223,29,3.76
Ranchi,Pulses,Sandy Loam,6.81,High,High,High,922,20,1.77
Ranchi,Maize,Loamy,7.35,Medium,Medium,Low,952,20,2.56
Ranchi,Maize,Loamy,6.5,Low,High,Medium,1006,18,3.52
Ranchi,Pulses,Loamy,6.06,Low,Low,Medium,920,22,1.5
Ranchi,Wheat,Clay Loam,6.57,High,Medium,Low,1119,25,2.83
Ranchi,Wheat,Clay Loam,6.71,Low,Low,Low,1067,18,2.68
Ranchi,Pulses,Sandy Loam,6.91,Medium,Medium,High,978,22,1.98
Ranchi,Rice,Clayey,5.86,Medium,Medium,Low,1519,22,4.45
Ranchi,Pulses,Sandy Loam,6.63,Medium,High,Medium,845,25,1.88
Ranchi,Rice,Loamy,6.11,Medium,Low,High,1240,28,4.28
Ranchi,Pulses,Loamy,6.72,High,High,High,860,24,1.09
Ranchi,Wheat,Clay Loam,6.97,High,Medium,High,981,19,2.52
Ranchi,Rice,Loamy,6.92,High,Medium,High,1523,25,2.77
Ranchi,Wheat,Loamy,6.12,Medium,Medium,Medium,1271,25,2.01
Ranchi,Rice,Loamy,6.12,High,Medium,High,1339,27,3.57
Ranchi,Wheat,Loamy,6.77,High,Low,Low,1012,23,2.14
Ranchi,Maize,Loamy,6.5,Low,Medium,Low,1143,18,2.69
Ranchi,Maize,Loamy,6.51,Medium,Low,High,1199,28,2.38
Ranchi,Maize,Loamy,6.56,Medium,High,Medium,1116,30,2.73
Ranchi,Wheat,Loamy,6.54,Low,Low,Low,1353,20,2.96
Ranchi,Pulses,Sandy Loam,7.08,Medium,Low,Medium,817,23,1.4
Ranchi,Rice,Loamy,6.17,Low,Low,Medium,1395,22,2.95
Ranchi,Rice,Clay Loam,6.94,Medium,Medium,High,1416,31,2.94
Ranchi,Maize,Loamy,6.84,Low,Medium,Medium,1049,26,3.11
Ranchi,Wheat,Loamy,6.63,High,Low,High,1213,22,2.44
Ranchi,Pulses,Sandy Loam,6.69,High,Low,High,1031,24,1.3
Ranchi,Maize,Loamy,6.63,High,High,Medium,908,24,2.53
Ranchi,Wheat,Loamy,7.02,Low,Medium,Medium,1382,25,2.32
Ranchi,Pulses,Sandy Loam,7.23,High,Low,High,1050,28,1.27
Ranchi,Pulses,Loamy,6.34,Low,Low,Medium,959,22,1.94
Ranchi,Rice,Clayey,5.58,Medium,High,Low,1530,23,3.58
Ranchi,Wheat,Clay Loam,6.53,Low,Medium,High,1370,21,2.1
Ranchi,Maize,Loamy,6.54,High,Low,High,1019,30,3.24
Ranchi,Rice,Clay Loam,6.96,High,High,Medium,1305,28,2.65
Ranchi,Wheat,Clay Loam,7.36,Low,High,High,1151,20,1.81
Ranchi,Wheat,Loamy,6.44,Low,Medium,Low,1360,25,1.71
Ranchi,Pulses,Sandy Loam,7.15,High,Low,Low,901,24,2.0
Ranchi,Wheat,Loamy,7.0,Low,Low,Low,1139,23,3.23
Ranchi,Rice,Clayey,6.94,Low,High,Low,1205,27,3.36
Ranchi,Pulses,Loamy,7.43,High,Medium,High,1021,19,1.25
Ranchi,Maize,Sandy Loam,7.06,Low,Low,Low,1081,30,3.38
Ranchi,Pulses,Loamy,7.21,Medium,Medium,Medium,877,20,1.52
Ranchi,Rice,Clayey,6.71,High,High,Low,1272,29,3.41
Ranchi,Rice,Clay Loam,5.89,Low,Low,High,1405,23,3.79
Ranchi,Rice,Loamy,5.54,High,Low,Medium,1595,26,4.42
Ranchi,Maize,Loamy,7.01,Medium,Medium,High,928,24,2.38
Ranchi,Pulses,Loamy,6.75,High,Medium,High,1064,20,1.76
Ranchi,Rice,Loamy,5.8,Medium,Low,High,1226,30,3.21
Ranchi,Wheat,Clay Loam,7.11,Medium,Low,Low,1354,23,2.11
Ranchi,Wheat,Clay Loam,6.48,Medium,High,Low,1296,23,2.52
Ranchi,Pulses,Sandy Loam,6.74,High,Low,High,999,21,1.63
Ranchi,Maize,Sandy Loam,7.49,Low,High,High,1079,24,2.88
Ranchi,Pulses,Sandy Loam,6.49,Medium,Medium,Medium,895,28,1.63
Ranchi,Pulses,Loamy,6.79,High,Medium,Medium,930,21,1.11
Ranchi,Wheat,Loamy,6.76,Low,Medium,Low,1348,25,3.37
Ranchi,Rice,Clayey,5.81,Low,Medium,High,1436,24,3.75
Ranchi,Pulses,Sandy Loam,7.35,High,High,Medium,1046,26,1.1
Ranchi,Maize,Sandy Loam,5.96,Low,High,Medium,1163,24,3.04
Ranchi,Maize,Sandy Loam,7.07,Medium,Medium,High,985,26,3.12
Ranchi,Rice,Loamy,6.05,High,Low,High,1354,27,3.96
Ranchi,Rice,Loamy,5.57,Low,High,Medium,1359,24,3.3
Ranchi,Maize,Sandy Loam,6.37,High,Medium,Low,1105,24,2.03
Ranchi,Pulses,Sandy Loam,6.63,Medium,Medium,Low,951,20,1.86
Ranchi,Wheat,Loamy,6.93,Medium,Medium,Medium,935,19,2.25
Ranchi,Wheat,Loamy,7.18,High,Medium,Low,1352,21,3.39
Ranchi,Wheat,Clay Loam,6.63,Medium,Low,Medium,1026,22,1.75
Ranchi,Wheat,Clay Loam,7.13,Low,Medium,Low,1140,24,3.19
Ranchi,Wheat,Loamy,6.43,Medium,High,Low,1303,20,2.18
Ranchi,Rice,Clayey,6.13,Medium,Low,High,1527,28,2.98
Ranchi,Maize,Sandy Loam,6.71,Medium,High,Low,990,26,2.07
Ranchi,Pulses,Sandy Loam,6.13,Low,High,Medium,1017,28,1.55
Ranchi,Wheat,Loamy,6.81,Low,High,High,1331,23,2.98
Ranchi,Rice,Clay Loam,6.67,Low,Low,High,1501,26,3.79
Ranchi,Rice,Loamy,6.41,High,Low,High,1425,32,3.0
Ranchi,Maize,Loamy,7.25,Medium,Low,Medium,1186,27,3.58
Ranchi,Wheat,Clay Loam,6.89,Low,High,High,1381,19,2.84
Ranchi,Maize,Loamy,6.65,Medium,Medium,Medium,974,18,2.49
Ranchi,Rice,Loamy,5.62,Medium,High,Medium,1309,31,3.07
Ranchi,Maize,Loamy,6.27,Medium,Low,Low,1176,29,2.85
Ranchi,Rice,Clayey,6.22,Medium,Low,High,1433,26,4.25
Ranchi,Maize,Loamy,7.39,Medium,Medium,Medium,997,23,2.14
Ranchi,Rice,Clayey,5.77,Medium,Low,Medium,1546,25,2.54
Ranchi,Rice,Clayey,5.56,Medium,Low,Medium,1296,30,3.8
Ranchi,Rice,Loamy,5.88,Low,Low,High,1422,22,3.1
Ranchi,Pulses,Loamy,7.24,High,Low,Low,991,21,1.59
Ranchi,Pulses,Sandy Loam,6.25,Medium,High,Low,892,27,1.58
Ranchi,Maize,Sandy Loam,7.0,High,Medium,Low,1047,23,3.39
Ranchi,Rice,Clayey,6.66,High,Medium,Low,1266,30,3.25
Ranchi,Rice,Loamy,5.7,Low,High,Low,1282,25,4.19
Ranchi,Rice,Clay Loam,6.99,High,Low,High,1412,31,2.54
Ranchi,Maize,Sandy Loam,7.25,Low,Medium,Medium,1012,18,3.89
Ranchi,Rice,Clay Loam,5.65,High,Medium,High,1306,27,3.53
Ranchi,Maize,Sandy Loam,6.64,High,Low,Medium,1140,24,3.02
Ranchi,Maize,Sandy Loam,7.25,Medium,Low,Low,1186,18,2.44
Ranchi,Maize,Sandy Loam,6.38,High,Low,Low,1068,29,2.3
Ranchi,Wheat,Clay Loam,6.66,Low,Medium,Low,909,22,1.85
Ranchi,Rice,Loamy,6.98,Low,Medium,Medium,1387,24,3.7
Ranchi,Maize,Loamy,7.28,High,High,Medium,1070,24,2.93
Ranchi,Rice,Loamy,5.67,High,Low,Medium,1278,29,2.82
Ranchi,Rice,Clayey,6.26,High,Low,Low,1237,22,4.3
Ranchi,Wheat,Loamy,6.5,Low,High,High,1138,19,1.9
Ranchi,Maize,Sandy Loam,6.93,High,Medium,High,1152,26,3.45
Ranchi,Wheat,Loamy,7.43,Low,High,Medium,969,22,3.37
Ranchi,Maize,Sandy Loam,6.31,Low,High,High,987,20,3.39
Ranchi,Rice,Loamy,6.02,High,Medium,Low,1586,29,4.3
Ranchi,Wheat,Clay Loam,6.06,Low,High,High,1326,22,2.72
Ranchi,Pulses,Loamy,7.06,Medium,Medium,High,867,26,1.2
Ranchi,Rice,Clay Loam,6.12,Low,Low,Medium,1574,23,3.41
Ranchi,Pulses,Sandy Loam,7.48,Medium,Low,Low,963,21,1.52
Ranchi,Maize,Loamy,6.16,High,High,Medium,1101,23,3.96
Ranchi,Pulses,Loamy,7.48,Medium,Low,Medium,932,27,1.75
Ranchi,Wheat,Loamy,6.54,Low,Low,High,1289,18,1.81
Ranchi,Maize,Sandy Loam,6.84,Low,Low,Medium,1153,21,2.81
Ranchi,Rice,Clayey,5.85,Medium,Medium,Low,1391,32,4.22
Ranchi,Pulses,Sandy Loam,6.15,High,Medium,Medium,813,27,1.18
Ranchi,Rice,Clayey,6.61,Low,Low,Medium,1514,30,4.12
Ranchi,Wheat,Loamy,7.32,High,Low,Low,1363,21,2.65
Ranchi,Maize,Loamy,7.16,High,Medium,High,1184,20,2.74
Ranchi,Maize,Loamy,6.5,High,High,Medium,1022,28,2.78
Ranchi,Wheat,Clay Loam,6.45,Medium,Low,High,1383,20,3.39
Ranchi,Wheat,Clay Loam,7.15,Medium,Low,Medium,949,24,3.39
Ranchi,Wheat,Clay Loam,6.78,Low,High,High,1124,25,3.39
Ranchi,Wheat,Clay Loam,7.38,Low,High,Medium,1169,21,2.49
Ranchi,Maize,Loamy,6.58,High,High,Medium,942,28,3.22
Ranchi,Maize,Sandy Loam,6.94,High,Medium,Medium,1125,23,3.46
Ranchi,Rice,Clay Loam,6.38,Low,Medium,Medium,1582,28,3.56
Ranchi,Rice,Clayey,6.22,High,Low,High,1314,24,2.79
Ranchi,Wheat,Loamy,6.71,Low,High,Medium,967,18,2.42
Ranchi,Wheat,Loamy,6.02,High,Medium,Low,1177,24,3.34
Ranchi,Rice,Loamy,6.93,High,High,Low,1469,32,2.91
Ranchi,Wheat,Clay Loam,6.64,Low,Medium,Low,1000,24,2.42
Ranchi,Rice,Loamy,5.89,Low,High,Low,1234,25,3.4
Ranchi,Maize,Sandy Loam,7.49,Low,Medium,Low,1022,29,2.89
Ranchi,Rice,Loamy,5.84,Medium,Medium,High,1208,24,4.47
Ranchi,Rice,Clay Loam,6.44,High,Medium,Low,1393,30,3.38
Ranchi,Wheat,Loamy,7.01,Low,Medium,Medium,1007,24,2.26
Ranchi,Wheat,Loamy,6.55,Medium,Medium,Medium,1384,24,2.59
Ranchi,Rice,Loamy,5.51,Low,Low,Low,1496,27,3.97
Ranchi,Wheat,Loamy,6.57,Low,Medium,Medium,951,18,3.37
Ranchi,Maize,Sandy Loam,6.31,Low,Low,High,1106,26,3.95
Ranchi,Pulses,Sandy Loam,6.2,High,High,High,1095,27,1.8
Ranchi,Wheat,Loamy,7.32,Medium,Medium,High,1149,21,2.91
Ranchi,Wheat,Clay Loam,6.65,Medium,Medium,Medium,908,25,2.32
Ranchi,Maize,Sandy Loam,6.63,High,Medium,High,1196,21,2.44
Ranchi,Maize,Sandy Loam,6.92,High,High,Low,1086,28,3.02
Ranchi,Rice,Clayey,6.88,Medium,Medium,Low,1472,24,3.76
Ranchi,Pulses,Sandy Loam,6.23,High,Medium,Medium,801,26,1.92
Ranchi,Pulses,Loamy,7.35,High,High,Medium,862,22,1.31
Ranchi,Wheat,Clay Loam,6.83,High,High,Medium,976,25,2.52
Ranchi,Maize,Sandy Loam,6.84,Medium,Medium,Medium,908,24,2.86
Ranchi,Maize,Sandy Loam,5.95,High,High,High,1059,30,2.27
Ranchi,Pulses,Sandy Loam,6.73,Medium,Medium,High,1020,18,1.57
Ranchi,Wheat,Clay Loam,7.2,High,Medium,High,1155,21,3.04
Ranchi,Rice,Loamy,6.47,Low,Low,Low,1490,30,3.51
Ranchi,Rice,Loamy,5.93,Low,Low,Low,1527,30,3.6
Ranchi,Wheat,Loamy,6.1,Low,Low,High,1124,24,3.04
Ranchi,Wheat,Clay Loam,7.06,Low,Medium,Low,1307,21,3.18
Ranchi,Pulses,Sandy Loam,6.89,High,Low,High,888,25,1.91
Ranchi,Pulses,Loamy,6.41,High,Low,Medium,903,18,1.08
Ranchi,Maize,Sandy Loam,7.3,High,Medium,Medium,1176,26,2.29
Ranchi,Wheat,Clay Loam,6.73,Medium,Low,High,1258,18,1.9
Ranchi,Wheat,Loamy,7.48,Low,Low,Low,961,24,3.28
Ranchi,Maize,Sandy Loam,6.6,Medium,Medium,Low,986,22,3.96
Ranchi,Wheat,Loamy,6.23,Low,Low,High,1005,22,3.1
Ranchi,Pulses,Loamy,6.86,Medium,High,High,878,24,1.22
Ranchi,Wheat,Loamy,6.98,Medium,Low,Low,1094,23,3.29
Ranchi,Wheat,Loamy,6.6,Medium,Low,High,1173,24,3.36
Ranchi,Pulses,Sandy Loam,7.26,Low,Medium,Low,1038,21,1.77
Ranchi,Wheat,Loamy,6.2,Medium,Medium,High,937,23,2.21
Ranchi,Pulses,Sandy Loam,6.95,Medium,Medium,High,952,25,1.4
Ranchi,Rice,Loamy,6.97,Low,High,High,1544,24,3.99
Ranchi,Maize,Sandy Loam,7.44,High,High,Medium,1166,29,3.87
Ranchi,Wheat,Loamy,6.27,Medium,High,High,1312,21,2.93
Ranchi,Rice,Clay Loam,6.08,Low,Low,High,1343,23,4.3
Ranchi,Maize,Loamy,6.77,Medium,High,Medium,1142,25,2.17
Ranchi,Pulses,Sandy Loam,7.41,High,Low,Medium,800,22,1.21
Ranchi,Wheat,Loamy,6.86,Low,High,Low,982,23,3.27
Ranchi,Wheat,Loamy,6.42,High,High,High,1307,21,2.19
Ranchi,Pulses,Loamy,7.43,Medium,High,Medium,997,26,1.86
Ranchi,Maize,Sandy Loam,7.33,High,High,High,933,22,2.03
Ranchi,Wheat,Clay Loam,6.74,High,Medium,Low,962,18,3.18
Ranchi,Pulses,Loamy,6.92,Medium,Low,High,967,20,1.09
Ranchi,Pulses,Loamy,7.47,High,High,High,1046,28,1.97
Ranchi,Rice,Clay Loam,5.88,Low,High,Medium,1397,29,3.76
Ranchi,Rice,Loamy,6.19,Low,High,Low,1523,28,2.96
Ranchi,Wheat,Clay Loam,6.72,Low,Low,Low,1023,23,2.51
Ranchi,Maize,Sandy Loam,7.14,Low,Low,High,950,19,2.64
Ranchi,Rice,Clayey,6.88,Low,High,High,1472,26,3.16
Ranchi,Rice,Loamy,5.73,Low,Low,High,1247,26,4.24
Ranchi,Pulses,Loamy,6.62,High,High,Medium,847,19,1.33
Ranchi,Pulses,Loamy,6.24,Low,Medium,High,941,27,1.03
Ranchi,Maize,Loamy,6.71,Medium,Medium,High,1199,29,3.56
Ranchi,Wheat,Loamy,6.27,High,Medium,Low,981,23,2.39
Ranchi,Pulses,Loamy,6.76,Low,Medium,High,841,22,1.19
Ranchi,Rice,Loamy,6.63,High,Low,Low,1344,25,4.37
Ranchi,Wheat,Clay Loam,6.91,Low,Low,Medium,1374,18,1.82
Ranchi,Rice,Clayey,6.79,High,High,Medium,1566,28,2.57
Ranchi,Pulses,Loamy,6.24,Low,Medium,Medium,947,21,1.3
Ranchi,Pulses,Loamy,6.18,Medium,Low,Low,935,19,1.7
Ranchi,Pulses,Sandy Loam,6.38,High,High,Medium,843,28,1.63
Ranchi,Maize,Sandy Loam,7.24,Low,Medium,Medium,1026,30,2.12
Ranchi,Wheat,Clay Loam,7.44,Low,High,Medium,936,23,2.15
Ranchi,Rice,Clay Loam,5.84,Low,Medium,Medium,1570,22,2.96
Ranchi,Wheat,Clay Loam,6.01,High,High,Low,912,21,2.96
Ranchi,Pulses,Sandy Loam,6.08,Low,High,Medium,1047,26,1.29
Ranchi,Wheat,Loamy,6.29,High,Low,High,1343,23,2.43
Ranchi,Wheat,Clay Loam,7.45,Medium,Medium,Low,1072,23,2.83
Ranchi,Pulses,Sandy Loam,6.38,Medium,High,Medium,986,20,1.72
Ranchi,Rice,Clay Loam,6.94,Low,Medium,High,1379,32,2.86
Ranchi,Pulses,Loamy,7.46,Low,Medium,High,1006,18,1.41
Ranchi,Pulses,Sandy Loam,6.01,High,High,High,806,22,1.03
Ranchi,Maize,Sandy Loam,6.18,Medium,Low,High,1118,18,2.89
Ranchi,Wheat,Loamy,6.8,High,Low,Low,991,24,3.24
Ranchi,Wheat,Clay Loam,7.19,Medium,Low,Low,1177,18,3.02
Ranchi,Wheat,Clay Loam,6.87,High,Low,Low,1177,19,1.79
Ranchi,Maize,Sandy Loam,6.19,High,Medium,High,1040,30,2.81
Ranchi,Pulses,Loamy,7.37,Medium,High,High,836,27,1.05
Ranchi,Wheat,Clay Loam,6.4,Medium,High,Low,1233,20,2.38
Ranchi,Wheat,Clay Loam,6.42,High,Low,High,965,22,3.27
